{
  "Quality_Score": {
    "MAE": 0.0009014799939204343,
    "RMSE": 0.0012082511958759897
  },
  "Energy_per_batch": {
    "MAE": 1.0214144592879566,
    "RMSE": 1.283116482958494
  },
  "Carbon_emission": {
    "MAE": 0.4596376447309313,
    "RMSE": 0.5774036105307758
  },
  "Reliability_Index": {
    "MAE": 7.479026370917465e-05,
    "RMSE": 9.539579091903298e-05
  },
  "Asset_Health_Score": {
    "MAE": 0.0012072970816445483,
    "RMSE": 0.0015048875088034244
  }
}