{
    "Balanced": {
        "scenario": "Balanced",
        "overall_score": -20.980806213617328,
        "parameters": {
            "Granulation_Time": 12.586916922300563,
            "Binder_Amount": 5.058582237106241,
            "Drying_Temp": 66.72425333612608,
            "Drying_Time": 21.837038127915505,
            "Compression_Force": 16.471185668166687,
            "Machine_Speed": 19.907199044357547,
            "Lubricant_Conc": 1.635632973415781,
            "Moisture_Content": 1.0449666341775998
        },
        "predictions": {
            "Quality_Score": 0.40302786231040955,
            "Energy_per_batch": 73.73735809326172,
            "Carbon_emission": 33.18181228637695,
            "Reliability_Index": 0.0022728624753654003,
            "Balanced_Score": -20.980806213617328
        },
        "batch_context": "BATCH-UP7O6N"
    },
    "Energy Saving": {
        "scenario": "Energy Saving",
        "overall_score": -73.73735809326172,
        "parameters": {
            "Granulation_Time": 12.038757077738197,
            "Binder_Amount": 5.639491261315989,
            "Drying_Temp": 66.6140523693135,
            "Drying_Time": 21.713684631192258,
            "Compression_Force": 17.743680537433157,
            "Machine_Speed": 19.062955692325833,
            "Lubricant_Conc": 1.3333080972919404,
            "Moisture_Content": 1.7207843259247375
        },
        "predictions": {
            "Quality_Score": 0.4025649130344391,
            "Energy_per_batch": 73.73735809326172,
            "Carbon_emission": 33.18181228637695,
            "Reliability_Index": 0.0022728624753654003,
            "Balanced_Score": -20.981269162893298
        },
        "batch_context": "BATCH-UP7O6N-E"
    },
    "Quality Priority": {
        "scenario": "Quality Priority",
        "overall_score": 0.42893871665000916,
        "parameters": {
            "Granulation_Time": 10.584442690854198,
            "Binder_Amount": 6.2936177085557095,
            "Drying_Temp": 75.42636380869678,
            "Drying_Time": 20.76816098853002,
            "Compression_Force": 16.10472341954938,
            "Machine_Speed": 38.08003873520082,
            "Lubricant_Conc": 0.6166652955088948,
            "Moisture_Content": 4.022820667732052
        },
        "predictions": {
            "Quality_Score": 0.42893871665000916,
            "Energy_per_batch": 89.73626708984375,
            "Carbon_emission": 40.38130187988281,
            "Reliability_Index": 0.0022728624753654003,
            "Balanced_Score": -25.594575077295303
        },
        "batch_context": "BATCH-JUPL6Q"
    }
}