{
    "Balanced": {
        "scenario": "Balanced",
        "overall_score": -21.016690444946292,
        "parameters": {
            "Granulation_Time": 12.480464243681654,
            "Binder_Amount": 2.1140136695388176,
            "Drying_Temp": 70.17135601538179,
            "Drying_Time": 21.130820363861528,
            "Compression_Force": 16.06631153546233,
            "Machine_Speed": 37.87294197986143,
            "Lubricant_Conc": 1.5805608639190165,
            "Moisture_Content": 1.429052867588728
        },
        "predictions": {
            "Quality_Score": 0.4227619171142578,
            "Energy_per_batch": 73.92914581298828,
            "Carbon_emission": 33.26811599731445,
            "Reliability_Index": 0.0022728624753654003,
            "Balanced_Score": -21.016690444946292
        },
        "batch_context": "BATCH-JUPL6Q"
    },
    "Energy Saving": {
        "scenario": "Energy Saving",
        "overall_score": -73.92914581298828,
        "parameters": {
            "Granulation_Time": 12.274090449939838,
            "Binder_Amount": 3.224666253054757,
            "Drying_Temp": 75.1372425017972,
            "Drying_Time": 23.364829240567552,
            "Compression_Force": 16.074457648447158,
            "Machine_Speed": 37.37965226261683,
            "Lubricant_Conc": 1.771631610479063,
            "Moisture_Content": 1.4990339172501652
        },
        "predictions": {
            "Quality_Score": 0.4227619171142578,
            "Energy_per_batch": 73.92914581298828,
            "Carbon_emission": 33.26811599731445,
            "Reliability_Index": 0.0022728624753654003,
            "Balanced_Score": -21.016690444946292
        },
        "batch_context": "BATCH-JUPL6Q"
    },
    "Quality Priority": {
        "scenario": "Quality Priority",
        "overall_score": 0.42893871665000916,
        "parameters": {
            "Granulation_Time": 10.584442690854198,
            "Binder_Amount": 6.2936177085557095,
            "Drying_Temp": 75.42636380869678,
            "Drying_Time": 20.76816098853002,
            "Compression_Force": 16.10472341954938,
            "Machine_Speed": 38.08003873520082,
            "Lubricant_Conc": 0.6166652955088948,
            "Moisture_Content": 4.022820667732052
        },
        "predictions": {
            "Quality_Score": 0.42893871665000916,
            "Energy_per_batch": 89.73626708984375,
            "Carbon_emission": 40.38130187988281,
            "Reliability_Index": 0.0022728624753654003,
            "Balanced_Score": -25.594575077295303
        },
        "batch_context": "BATCH-JUPL6Q"
    }
}