{
    "Balanced": {
        "scenario": "Balanced",
        "overall_score": -23.16331784129143,
        "parameters": {
            "Granulation_Time": 12.2806477986626,
            "Binder_Amount": 5.74642010440216,
            "Drying_Temp": 46.12240895793868,
            "Drying_Time": 52.31077071749549,
            "Compression_Force": 16.267068735139837,
            "Machine_Speed": 19.75423307811787,
            "Lubricant_Conc": 0.687366468475799,
            "Moisture_Content": 4.303123469723145
        },
        "predictions": {
            "Quality_Score": 0.4085235893726349,
            "Energy_per_batch": 81.2822036743164,
            "Carbon_emission": 36.577003479003906,
            "Reliability_Index": 0.0022728624753654003,
            "Balanced_Score": -23.16331784129143
        },
        "batch_context": "BATCH-4CAB86",
        "material_type": "Standard Powder"
    }
}